Employee_ID,Age,Attrition,BusinessTravel,DistanceFromHome,Education,EducationField,EnvironmentSatisfaction,Gender,JobInvolvement,JobLevel,JobSatisfaction,NumCompaniesWorked,OverTime,PercentSalaryHike,PerformanceRating,RelationshipSatisfaction,StockOptionLevel,TrainingTimesLastYear,WorkLifeBalance,YearsAtCompany,YearsInCurrentRole,YearsSinceLastPromotion,YearsWithCurrManager,Age_Group
116.0,37.0,Yes,Travel_Rarely,2.0,2.0,Other,4.0,M,2.0,1.0,3.0,6.0,Yes,15.0,3.0,2.0,0.0,3.0,3.0,0.0,0.0,0.0,0.0,36 to 50
211.0,27.0,No,Travel_Rarely,2.0,1.0,Medical,1.0,M,3.0,1.0,2.0,9.0,No,12.0,3.0,4.0,1.0,3.0,3.0,2.0,2.0,2.0,2.0,21 to 35
18.0,59.0,No,Travel_Rarely,3.0,3.0,Medical,3.0,F,4.0,1.0,1.0,4.0,Yes,20.0,4.0,1.0,3.0,3.0,2.0,1.0,0.0,0.0,0.0,51 or more
258.0,38.0,No,Travel_Frequently,23.0,3.0,Life Sciences,4.0,M,2.0,3.0,3.0,0.0,No,21.0,4.0,2.0,0.0,2.0,3.0,9.0,7.0,1.0,8.0,36 to 50
238.0,35.0,No,Travel_Rarely,16.0,3.0,Medical,1.0,M,4.0,1.0,2.0,0.0,No,13.0,3.0,3.0,1.0,5.0,3.0,5.0,4.0,0.0,3.0,21 to 35
184.0,29.0,No,Travel_Rarely,15.0,2.0,Life Sciences,4.0,F,2.0,2.0,3.0,0.0,Yes,12.0,3.0,4.0,0.0,3.0,3.0,9.0,5.0,0.0,8.0,21 to 35
1.0,28.0,Yes,Travel_Rarely,24.0,3.0,Life Sciences,3.0,M,2.0,1.0,3.0,5.0,Yes,14.0,3.0,2.0,0.0,4.0,3.0,4.0,2.0,0.0,3.0,21 to 35
103.0,24.0,No,Non-Travel,11.0,2.0,Other,1.0,F,4.0,2.0,3.0,0.0,No,18.0,3.0,4.0,1.0,5.0,2.0,4.0,2.0,1.0,3.0,21 to 35
104.0,53.0,No,Travel_Rarely,5.0,3.0,Other,3.0,F,3.0,5.0,3.0,4.0,No,11.0,3.0,4.0,1.0,3.0,2.0,14.0,13.0,4.0,8.0,51 or more
143.0,46.0,No,Travel_Rarely,2.0,4.0,Marketing,2.0,F,3.0,5.0,1.0,3.0,No,12.0,3.0,4.0,0.0,2.0,2.0,2.0,2.0,2.0,1.0,36 to 50
159.0,43.0,No,Travel_Rarely,2.0,2.0,Medical,4.0,F,4.0,1.0,3.0,1.0,No,12.0,3.0,4.0,2.0,3.0,2.0,5.0,3.0,1.0,4.0,36 to 50
272.0,36.0,No,Travel_Rarely,5.0,4.0,Life Sciences,2.0,F,2.0,1.0,1.0,9.0,Yes,14.0,3.0,4.0,1.0,3.0,4.0,1.0,1.0,0.0,0.0,36 to 50
3.0,33.0,No,Travel_Frequently,1.0,3.0,Life Sciences,3.0,F,4.0,2.0,1.0,2.0,No,19.0,3.0,1.0,2.0,3.0,3.0,5.0,3.0,1.0,3.0,21 to 35
120.0,30.0,No,Travel_Frequently,1.0,2.0,Medical,3.0,F,3.0,2.0,4.0,1.0,No,23.0,4.0,4.0,0.0,2.0,3.0,12.0,8.0,3.0,7.0,21 to 35
264.0,59.0,No,Travel_Rarely,25.0,3.0,Life Sciences,1.0,F,3.0,3.0,1.0,7.0,No,11.0,3.0,4.0,0.0,3.0,2.0,21.0,16.0,7.0,9.0,51 or more
309.0,36.0,No,Travel_Rarely,8.0,3.0,Technical Degree,3.0,F,3.0,3.0,3.0,1.0,No,13.0,3.0,2.0,3.0,2.0,3.0,17.0,14.0,12.0,8.0,36 to 50
55.0,36.0,No,Travel_Frequently,11.0,3.0,Life Sciences,2.0,M,2.0,2.0,2.0,1.0,No,13.0,3.0,3.0,0.0,3.0,3.0,6.0,5.0,0.0,3.0,36 to 50
191.0,29.0,No,Travel_Rarely,2.0,3.0,Life Sciences,3.0,M,3.0,1.0,2.0,0.0,No,23.0,4.0,4.0,1.0,3.0,3.0,5.0,4.0,0.0,4.0,21 to 35
273.0,35.0,No,Travel_Rarely,1.0,4.0,Marketing,3.0,M,2.0,2.0,1.0,0.0,No,14.0,3.0,2.0,0.0,2.0,3.0,15.0,13.0,2.0,8.0,21 to 35
252.0,38.0,No,Non-Travel,6.0,3.0,Medical,2.0,F,1.0,2.0,4.0,7.0,Yes,12.0,3.0,4.0,3.0,3.0,3.0,13.0,11.0,1.0,9.0,36 to 50
129.0,23.0,No,Travel_Rarely,2.0,1.0,Technical Degree,3.0,M,3.0,1.0,1.0,3.0,No,13.0,3.0,3.0,1.0,3.0,3.0,0.0,0.0,0.0,0.0,21 to 35
137.0,50.0,No,Travel_Frequently,1.0,3.0,Life Sciences,1.0,F,3.0,5.0,2.0,3.0,Yes,19.0,3.0,1.0,0.0,1.0,2.0,8.0,3.0,0.0,7.0,36 to 50
100.0,36.0,No,Travel_Frequently,11.0,2.0,Technical Degree,2.0,F,3.0,3.0,4.0,0.0,No,14.0,3.0,3.0,1.0,6.0,3.0,9.0,7.0,2.0,8.0,36 to 50
227.0,58.0,Yes,Travel_Rarely,23.0,4.0,Medical,4.0,F,3.0,3.0,4.0,1.0,No,12.0,3.0,4.0,1.0,3.0,2.0,40.0,10.0,15.0,6.0,51 or more
182.0,50.0,No,Travel_Frequently,12.0,3.0,Marketing,3.0,F,3.0,3.0,4.0,4.0,No,11.0,3.0,4.0,0.0,3.0,3.0,2.0,2.0,2.0,1.0,36 to 50
76.0,30.0,No,Travel_Rarely,5.0,3.0,Technical Degree,4.0,F,3.0,1.0,1.0,5.0,No,14.0,3.0,4.0,1.0,3.0,3.0,3.0,2.0,2.0,2.0,21 to 35
60.0,41.0,No,Travel_Rarely,9.0,4.0,Life Sciences,3.0,M,3.0,1.0,1.0,2.0,No,21.0,4.0,4.0,1.0,2.0,3.0,5.0,0.0,1.0,4.0,36 to 50
87.0,32.0,No,Travel_Frequently,8.0,3.0,Marketing,2.0,F,3.0,3.0,4.0,1.0,No,14.0,3.0,4.0,0.0,2.0,3.0,9.0,8.0,3.0,7.0,21 to 35
200.0,27.0,No,Non-Travel,9.0,3.0,Medical,4.0,M,3.0,1.0,2.0,6.0,No,18.0,3.0,4.0,1.0,1.0,1.0,2.0,2.0,2.0,2.0,21 to 35
33.0,50.0,No,Travel_Rarely,11.0,3.0,Life Sciences,3.0,F,3.0,5.0,2.0,3.0,No,15.0,3.0,2.0,0.0,5.0,3.0,5.0,4.0,4.0,4.0,36 to 50
166.0,33.0,No,Travel_Rarely,2.0,3.0,Life Sciences,3.0,M,3.0,1.0,4.0,0.0,No,14.0,3.0,1.0,0.0,2.0,4.0,3.0,1.0,0.0,2.0,21 to 35
79.0,38.0,No,Travel_Rarely,9.0,2.0,Life Sciences,3.0,F,3.0,1.0,4.0,1.0,No,12.0,3.0,3.0,0.0,3.0,3.0,2.0,2.0,2.0,1.0,36 to 50
257.0,31.0,No,Travel_Rarely,12.0,1.0,Medical,3.0,F,3.0,1.0,4.0,8.0,Yes,23.0,4.0,3.0,1.0,0.0,3.0,4.0,2.0,0.0,2.0,21 to 35
164.0,41.0,Yes,Travel_Rarely,20.0,2.0,Marketing,2.0,F,3.0,1.0,2.0,1.0,Yes,22.0,4.0,4.0,0.0,5.0,2.0,4.0,3.0,0.0,2.0,36 to 50
189.0,34.0,No,Travel_Frequently,2.0,1.0,Life Sciences,4.0,M,2.0,2.0,3.0,1.0,No,17.0,3.0,3.0,0.0,2.0,2.0,10.0,9.0,1.0,9.0,21 to 35
9.0,51.0,No,Travel_Rarely,3.0,3.0,Medical,4.0,F,3.0,4.0,2.0,3.0,No,18.0,3.0,3.0,0.0,6.0,3.0,7.0,7.0,1.0,0.0,51 or more
106.0,43.0,No,Non-Travel,7.0,3.0,Medical,4.0,M,4.0,1.0,4.0,4.0,No,14.0,3.0,4.0,3.0,3.0,4.0,5.0,4.0,2.0,2.0,36 to 50
201.0,38.0,No,Travel_Rarely,2.0,4.0,Life Sciences,4.0,M,3.0,2.0,3.0,9.0,No,14.0,3.0,2.0,0.0,3.0,3.0,1.0,0.0,0.0,0.0,36 to 50
299.0,38.0,No,Travel_Rarely,29.0,3.0,Technical Degree,4.0,M,3.0,2.0,4.0,3.0,No,18.0,3.0,1.0,1.0,3.0,1.0,7.0,7.0,1.0,7.0,36 to 50
148.0,29.0,Yes,Travel_Rarely,27.0,3.0,Marketing,2.0,F,3.0,3.0,4.0,1.0,No,22.0,4.0,4.0,3.0,3.0,2.0,10.0,4.0,1.0,9.0,21 to 35
202.0,36.0,No,Travel_Frequently,18.0,1.0,Medical,2.0,F,3.0,1.0,4.0,1.0,No,13.0,3.0,1.0,0.0,2.0,3.0,8.0,1.0,1.0,7.0,36 to 50
113.0,40.0,No,Non-Travel,9.0,5.0,Life Sciences,4.0,M,2.0,2.0,4.0,9.0,No,14.0,3.0,4.0,1.0,5.0,1.0,3.0,2.0,0.0,2.0,36 to 50
198.0,51.0,No,Travel_Rarely,8.0,4.0,Life Sciences,2.0,M,2.0,3.0,2.0,5.0,No,16.0,3.0,4.0,2.0,5.0,1.0,10.0,9.0,4.0,7.0,51 or more
308.0,30.0,Yes,Travel_Frequently,26.0,4.0,Marketing,3.0,F,2.0,2.0,1.0,5.0,No,15.0,3.0,3.0,0.0,5.0,2.0,6.0,3.0,0.0,1.0,21 to 35
152.0,45.0,No,Non-Travel,6.0,3.0,Medical,4.0,F,2.0,3.0,4.0,6.0,No,12.0,3.0,4.0,0.0,2.0,3.0,19.0,7.0,12.0,8.0,36 to 50
226.0,38.0,No,Travel_Rarely,3.0,3.0,Life Sciences,1.0,M,3.0,3.0,3.0,0.0,No,12.0,3.0,3.0,2.0,6.0,2.0,16.0,10.0,5.0,13.0,36 to 50
284.0,29.0,No,Travel_Frequently,1.0,1.0,Medical,2.0,F,3.0,3.0,4.0,1.0,No,14.0,3.0,4.0,1.0,5.0,3.0,11.0,10.0,4.0,1.0,21 to 35
122.0,59.0,No,Travel_Rarely,6.0,2.0,Medical,2.0,M,3.0,1.0,3.0,8.0,No,17.0,3.0,4.0,0.0,2.0,2.0,2.0,2.0,2.0,2.0,51 or more
105.0,50.0,No,Travel_Rarely,1.0,4.0,Medical,4.0,F,3.0,5.0,4.0,3.0,No,11.0,3.0,3.0,1.0,3.0,2.0,7.0,0.0,0.0,6.0,36 to 50
6.0,43.0,No,Travel_Rarely,16.0,3.0,Marketing,4.0,F,3.0,4.0,4.0,5.0,Yes,22.0,4.0,3.0,1.0,3.0,3.0,17.0,13.0,1.0,9.0,36 to 50
173.0,33.0,Yes,Travel_Rarely,2.0,2.0,Life Sciences,1.0,F,3.0,1.0,1.0,7.0,No,20.0,4.0,1.0,0.0,3.0,4.0,9.0,7.0,1.0,7.0,21 to 35
115.0,33.0,No,Travel_Rarely,5.0,4.0,Life Sciences,3.0,F,2.0,1.0,4.0,1.0,No,13.0,3.0,3.0,1.0,2.0,2.0,2.0,2.0,0.0,2.0,21 to 35
218.0,25.0,No,Travel_Rarely,1.0,3.0,Life Sciences,1.0,F,3.0,2.0,3.0,0.0,No,12.0,3.0,4.0,2.0,3.0,3.0,4.0,2.0,1.0,2.0,21 to 35
31.0,32.0,No,Travel_Rarely,2.0,1.0,Technical Degree,4.0,M,2.0,2.0,1.0,4.0,No,13.0,3.0,4.0,0.0,5.0,3.0,6.0,2.0,0.0,4.0,21 to 35
39.0,28.0,Yes,Travel_Rarely,2.0,4.0,Life Sciences,1.0,M,3.0,1.0,3.0,2.0,No,11.0,3.0,3.0,0.0,5.0,1.0,0.0,0.0,0.0,0.0,21 to 35
128.0,37.0,No,Non-Travel,1.0,4.0,Medical,1.0,F,3.0,3.0,4.0,2.0,Yes,18.0,3.0,1.0,2.0,2.0,3.0,5.0,2.0,0.0,2.0,36 to 50
291.0,55.0,No,Travel_Rarely,20.0,2.0,Technical Degree,2.0,M,3.0,2.0,4.0,3.0,Yes,19.0,3.0,4.0,1.0,4.0,3.0,10.0,7.0,0.0,8.0,51 or more
210.0,44.0,Yes,Travel_Frequently,24.0,3.0,Life Sciences,4.0,M,3.0,1.0,3.0,3.0,Yes,22.0,4.0,4.0,1.0,0.0,1.0,1.0,0.0,0.0,0.0,36 to 50
160.0,26.0,Yes,Travel_Rarely,16.0,4.0,Medical,1.0,M,3.0,1.0,2.0,2.0,Yes,13.0,3.0,4.0,1.0,2.0,3.0,3.0,2.0,0.0,2.0,21 to 35
256.0,28.0,No,Travel_Rarely,8.0,2.0,Life Sciences,4.0,F,3.0,1.0,4.0,1.0,No,21.0,4.0,4.0,0.0,3.0,3.0,5.0,3.0,0.0,2.0,21 to 35
215.0,26.0,Yes,Travel_Rarely,4.0,4.0,Marketing,4.0,M,2.0,2.0,4.0,1.0,Yes,12.0,3.0,2.0,0.0,0.0,3.0,8.0,7.0,7.0,4.0,21 to 35
77.0,51.0,No,Travel_Rarely,2.0,3.0,Medical,4.0,M,1.0,2.0,2.0,5.0,No,18.0,3.0,4.0,1.0,3.0,3.0,4.0,1.0,1.0,2.0,51 or more
165.0,31.0,No,Travel_Rarely,2.0,4.0,Life Sciences,3.0,M,3.0,1.0,4.0,0.0,Yes,18.0,3.0,2.0,1.0,2.0,1.0,2.0,2.0,2.0,2.0,21 to 35
19.0,33.0,No,Travel_Frequently,5.0,4.0,Life Sciences,4.0,F,3.0,3.0,2.0,6.0,No,11.0,3.0,2.0,2.0,2.0,3.0,10.0,6.0,8.0,8.0,21 to 35
141.0,49.0,No,Travel_Rarely,1.0,2.0,Technical Degree,3.0,F,2.0,4.0,3.0,7.0,Yes,12.0,3.0,4.0,0.0,2.0,3.0,7.0,1.0,0.0,7.0,36 to 50
295.0,32.0,No,Travel_Rarely,8.0,2.0,Technical Degree,3.0,F,2.0,2.0,2.0,1.0,Yes,11.0,3.0,4.0,0.0,2.0,3.0,13.0,12.0,11.0,9.0,21 to 35
50.0,31.0,No,Travel_Frequently,7.0,2.0,Life Sciences,3.0,F,2.0,3.0,3.0,1.0,No,24.0,4.0,1.0,1.0,2.0,3.0,10.0,9.0,8.0,9.0,21 to 35
265.0,43.0,No,Travel_Rarely,7.0,3.0,Life Sciences,3.0,F,3.0,3.0,1.0,8.0,No,16.0,3.0,1.0,1.0,1.0,2.0,1.0,0.0,0.0,0.0,36 to 50
183.0,27.0,No,Travel_Rarely,8.0,4.0,Marketing,2.0,F,3.0,2.0,2.0,1.0,No,18.0,3.0,1.0,1.0,3.0,3.0,8.0,7.0,0.0,7.0,21 to 35
236.0,38.0,No,Travel_Rarely,15.0,2.0,Life Sciences,3.0,M,2.0,3.0,4.0,0.0,Yes,14.0,3.0,2.0,1.0,3.0,3.0,11.0,10.0,2.0,9.0,36 to 50
196.0,47.0,No,Travel_Frequently,4.0,1.0,Medical,2.0,M,3.0,2.0,3.0,3.0,No,19.0,3.0,1.0,0.0,3.0,3.0,0.0,0.0,0.0,0.0,36 to 50
279.0,42.0,No,Travel_Rarely,23.0,5.0,Life Sciences,1.0,F,3.0,4.0,4.0,2.0,No,14.0,3.0,2.0,0.0,2.0,3.0,1.0,0.0,0.0,0.0,36 to 50
248.0,42.0,No,Travel_Rarely,2.0,1.0,Technical Degree,3.0,M,3.0,1.0,3.0,0.0,Yes,11.0,3.0,3.0,1.0,5.0,3.0,3.0,2.0,1.0,0.0,36 to 50
123.0,40.0,No,Travel_Rarely,10.0,4.0,Life Sciences,4.0,F,4.0,1.0,3.0,3.0,Yes,13.0,3.0,3.0,1.0,3.0,3.0,7.0,7.0,1.0,7.0,36 to 50
187.0,46.0,No,Non-Travel,7.0,4.0,Medical,3.0,F,3.0,2.0,3.0,2.0,No,14.0,3.0,3.0,0.0,2.0,4.0,1.0,0.0,0.0,0.0,36 to 50
86.0,21.0,Yes,Travel_Rarely,12.0,3.0,Life Sciences,3.0,F,4.0,1.0,2.0,1.0,No,15.0,3.0,4.0,0.0,0.0,3.0,1.0,0.0,0.0,0.0,21 to 35
124.0,29.0,No,Travel_Rarely,23.0,3.0,Life Sciences,4.0,M,3.0,1.0,4.0,9.0,No,16.0,3.0,4.0,0.0,4.0,3.0,3.0,2.0,1.0,2.0,21 to 35
170.0,49.0,No,Travel_Rarely,7.0,3.0,Other,2.0,M,2.0,3.0,3.0,8.0,No,24.0,4.0,3.0,0.0,2.0,3.0,5.0,2.0,0.0,0.0,36 to 50
266.0,36.0,No,Travel_Rarely,2.0,3.0,Life Sciences,4.0,F,3.0,1.0,3.0,4.0,No,13.0,3.0,2.0,1.0,3.0,3.0,2.0,2.0,2.0,2.0,36 to 50
146.0,55.0,No,Travel_Rarely,2.0,3.0,Life Sciences,3.0,F,3.0,4.0,4.0,2.0,Yes,13.0,3.0,3.0,0.0,2.0,3.0,5.0,4.0,1.0,2.0,51 or more
161.0,26.0,Yes,Travel_Frequently,3.0,1.0,Technical Degree,3.0,M,3.0,1.0,1.0,0.0,No,22.0,4.0,3.0,0.0,2.0,3.0,6.0,4.0,0.0,4.0,21 to 35
280.0,40.0,No,Travel_Rarely,2.0,2.0,Marketing,4.0,F,3.0,2.0,2.0,7.0,No,12.0,3.0,3.0,2.0,5.0,3.0,5.0,4.0,1.0,3.0,36 to 50
163.0,31.0,No,Travel_Rarely,7.0,2.0,Medical,2.0,F,3.0,2.0,1.0,1.0,No,12.0,3.0,2.0,1.0,5.0,1.0,13.0,10.0,3.0,12.0,21 to 35
82.0,43.0,No,Travel_Frequently,21.0,3.0,Medical,4.0,M,3.0,1.0,4.0,7.0,No,20.0,4.0,1.0,1.0,1.0,3.0,3.0,2.0,1.0,2.0,36 to 50
255.0,52.0,No,Travel_Rarely,3.0,3.0,Medical,4.0,M,2.0,3.0,3.0,2.0,Yes,14.0,3.0,3.0,0.0,4.0,3.0,5.0,4.0,0.0,4.0,51 or more
25.0,40.0,No,Travel_Rarely,2.0,4.0,Life Sciences,3.0,F,3.0,5.0,3.0,0.0,No,14.0,3.0,4.0,0.0,2.0,3.0,20.0,15.0,1.0,12.0,36 to 50
17.0,47.0,No,Travel_Rarely,2.0,2.0,Medical,1.0,F,3.0,2.0,4.0,5.0,No,13.0,3.0,3.0,3.0,2.0,3.0,5.0,0.0,0.0,4.0,36 to 50
14.0,34.0,No,Travel_Rarely,2.0,4.0,Life Sciences,4.0,M,2.0,1.0,3.0,3.0,No,12.0,3.0,3.0,1.0,3.0,3.0,7.0,3.0,5.0,7.0,21 to 35
172.0,46.0,No,Travel_Rarely,10.0,3.0,Marketing,3.0,F,2.0,3.0,4.0,2.0,Yes,19.0,3.0,3.0,1.0,3.0,3.0,3.0,2.0,1.0,2.0,36 to 50
250.0,33.0,Yes,Travel_Rarely,10.0,1.0,Medical,1.0,M,1.0,1.0,4.0,7.0,No,13.0,3.0,1.0,3.0,2.0,3.0,4.0,3.0,1.0,3.0,21 to 35
101.0,35.0,No,Travel_Rarely,16.0,3.0,Life Sciences,4.0,M,3.0,3.0,3.0,4.0,Yes,12.0,3.0,3.0,0.0,2.0,3.0,8.0,7.0,0.0,0.0,21 to 35
114.0,39.0,No,Travel_Frequently,8.0,1.0,Life Sciences,3.0,F,3.0,1.0,3.0,1.0,No,11.0,3.0,1.0,1.0,3.0,3.0,8.0,3.0,0.0,7.0,36 to 50
142.0,26.0,Yes,Travel_Frequently,17.0,4.0,Life Sciences,2.0,F,3.0,1.0,3.0,0.0,Yes,11.0,3.0,2.0,1.0,2.0,2.0,7.0,7.0,1.0,0.0,21 to 35
155.0,40.0,No,Non-Travel,28.0,3.0,Other,3.0,M,1.0,3.0,1.0,3.0,No,15.0,3.0,3.0,1.0,2.0,3.0,1.0,0.0,0.0,1.0,36 to 50
311.0,41.0,No,Non-Travel,2.0,4.0,Other,1.0,F,2.0,2.0,3.0,2.0,Yes,17.0,3.0,1.0,0.0,3.0,3.0,8.0,7.0,0.0,7.0,36 to 50
36.0,37.0,No,Non-Travel,9.0,4.0,Medical,1.0,M,3.0,3.0,2.0,1.0,No,13.0,3.0,4.0,1.0,6.0,3.0,9.0,5.0,7.0,7.0,36 to 50
209.0,50.0,No,Travel_Frequently,3.0,3.0,Medical,1.0,M,3.0,5.0,2.0,1.0,No,11.0,3.0,3.0,1.0,2.0,3.0,32.0,5.0,10.0,7.0,36 to 50
78.0,24.0,Yes,Travel_Frequently,7.0,3.0,Life Sciences,1.0,F,3.0,1.0,3.0,1.0,Yes,16.0,3.0,4.0,1.0,4.0,3.0,6.0,3.0,1.0,2.0,21 to 35
292.0,35.0,No,Travel_Rarely,25.0,2.0,Other,1.0,M,2.0,2.0,4.0,4.0,No,14.0,3.0,4.0,0.0,3.0,3.0,3.0,2.0,0.0,2.0,21 to 35
214.0,31.0,No,Travel_Rarely,6.0,4.0,Medical,1.0,M,4.0,2.0,4.0,4.0,No,22.0,4.0,4.0,2.0,4.0,4.0,7.0,7.0,5.0,7.0,21 to 35
15.0,37.0,No,Travel_Rarely,2.0,3.0,Marketing,4.0,M,3.0,2.0,3.0,4.0,Yes,11.0,3.0,3.0,1.0,3.0,2.0,3.0,0.0,1.0,0.0,36 to 50
229.0,38.0,No,Travel_Rarely,1.0,1.0,Life Sciences,3.0,F,3.0,1.0,1.0,3.0,No,17.0,3.0,4.0,0.0,3.0,2.0,0.0,0.0,0.0,0.0,36 to 50
287.0,34.0,No,Travel_Rarely,14.0,3.0,Technical Degree,3.0,F,3.0,1.0,3.0,1.0,Yes,18.0,3.0,4.0,2.0,3.0,3.0,8.0,2.0,0.0,6.0,21 to 35
276.0,35.0,No,Travel_Rarely,6.0,4.0,Life Sciences,2.0,M,1.0,2.0,4.0,1.0,No,13.0,3.0,2.0,0.0,3.0,3.0,17.0,11.0,11.0,8.0,21 to 35
199.0,25.0,No,Travel_Rarely,8.0,3.0,Life Sciences,4.0,M,4.0,2.0,2.0,0.0,No,22.0,4.0,3.0,1.0,4.0,3.0,3.0,2.0,1.0,2.0,21 to 35
35.0,50.0,No,Travel_Rarely,28.0,1.0,Medical,4.0,M,4.0,1.0,3.0,1.0,Yes,11.0,3.0,3.0,3.0,3.0,3.0,20.0,8.0,3.0,8.0,36 to 50
216.0,24.0,Yes,Travel_Rarely,3.0,2.0,Life Sciences,1.0,F,3.0,2.0,3.0,9.0,No,14.0,3.0,1.0,0.0,3.0,3.0,2.0,2.0,2.0,0.0,21 to 35
175.0,39.0,No,Travel_Rarely,2.0,4.0,Technical Degree,4.0,F,2.0,2.0,3.0,1.0,No,11.0,3.0,1.0,0.0,4.0,3.0,20.0,7.0,11.0,10.0,36 to 50
140.0,38.0,No,Travel_Rarely,1.0,4.0,Life Sciences,2.0,F,4.0,2.0,4.0,0.0,No,13.0,3.0,3.0,0.0,4.0,2.0,9.0,7.0,1.0,8.0,36 to 50
136.0,27.0,No,Travel_Rarely,1.0,2.0,Life Sciences,3.0,F,3.0,3.0,1.0,1.0,No,11.0,3.0,4.0,0.0,3.0,3.0,9.0,7.0,0.0,7.0,21 to 35
112.0,60.0,No,Travel_Rarely,16.0,4.0,Marketing,1.0,M,3.0,2.0,1.0,8.0,No,14.0,3.0,4.0,0.0,1.0,3.0,2.0,2.0,2.0,2.0,51 or more
297.0,47.0,No,Travel_Frequently,3.0,3.0,Medical,4.0,F,3.0,4.0,3.0,9.0,Yes,12.0,3.0,4.0,2.0,2.0,2.0,22.0,2.0,11.0,13.0,36 to 50
219.0,39.0,No,Travel_Rarely,3.0,3.0,Human Resources,3.0,F,4.0,2.0,2.0,9.0,No,15.0,3.0,3.0,1.0,3.0,1.0,8.0,3.0,3.0,6.0,36 to 50
73.0,27.0,No,Travel_Rarely,7.0,3.0,Medical,4.0,F,2.0,2.0,1.0,8.0,No,19.0,3.0,1.0,0.0,2.0,1.0,7.0,6.0,0.0,7.0,21 to 35
305.0,38.0,No,Travel_Rarely,2.0,5.0,Medical,4.0,M,3.0,1.0,3.0,6.0,Yes,13.0,3.0,2.0,1.0,0.0,1.0,1.0,0.0,0.0,1.0,36 to 50
26.0,36.0,No,Non-Travel,8.0,4.0,Life Sciences,1.0,M,2.0,3.0,1.0,1.0,No,15.0,3.0,2.0,0.0,1.0,3.0,10.0,7.0,0.0,9.0,36 to 50
63.0,38.0,No,Travel_Frequently,2.0,4.0,Life Sciences,1.0,F,4.0,2.0,1.0,6.0,Yes,12.0,3.0,4.0,0.0,2.0,3.0,15.0,7.0,4.0,12.0,36 to 50
85.0,30.0,No,Travel_Rarely,1.0,3.0,Life Sciences,4.0,M,1.0,1.0,3.0,3.0,No,21.0,4.0,3.0,2.0,2.0,3.0,2.0,2.0,0.0,2.0,21 to 35
51.0,42.0,No,Travel_Frequently,8.0,3.0,Life Sciences,2.0,M,3.0,5.0,4.0,1.0,No,13.0,3.0,2.0,1.0,4.0,2.0,24.0,7.0,14.0,9.0,36 to 50
43.0,50.0,No,Travel_Rarely,2.0,3.0,Medical,3.0,M,3.0,4.0,3.0,5.0,No,16.0,3.0,4.0,0.0,3.0,3.0,4.0,3.0,0.0,3.0,36 to 50
145.0,33.0,Yes,Travel_Rarely,16.0,3.0,Marketing,1.0,F,3.0,2.0,1.0,5.0,No,15.0,3.0,3.0,0.0,3.0,3.0,3.0,2.0,0.0,2.0,21 to 35
21.0,58.0,Yes,Travel_Rarely,2.0,4.0,Life Sciences,4.0,M,3.0,5.0,2.0,7.0,Yes,12.0,3.0,4.0,0.0,2.0,3.0,31.0,15.0,13.0,8.0,51 or more
5.0,32.0,No,Travel_Rarely,4.0,3.0,Life Sciences,3.0,F,2.0,2.0,3.0,1.0,No,12.0,3.0,3.0,1.0,3.0,3.0,14.0,13.0,6.0,8.0,21 to 35
174.0,45.0,No,Travel_Rarely,2.0,3.0,Life Sciences,2.0,F,2.0,1.0,3.0,1.0,No,14.0,3.0,4.0,0.0,3.0,3.0,1.0,0.0,0.0,0.0,36 to 50
197.0,42.0,No,Travel_Rarely,29.0,3.0,Life Sciences,2.0,M,3.0,2.0,2.0,1.0,No,13.0,3.0,4.0,1.0,3.0,2.0,9.0,8.0,7.0,8.0,36 to 50
34.0,49.0,Yes,Travel_Rarely,11.0,3.0,Marketing,3.0,F,3.0,3.0,4.0,1.0,No,18.0,3.0,1.0,2.0,3.0,4.0,9.0,8.0,7.0,7.0,36 to 50
230.0,27.0,No,Travel_Rarely,5.0,1.0,Technical Degree,3.0,M,2.0,3.0,4.0,1.0,Yes,16.0,3.0,2.0,1.0,3.0,3.0,9.0,8.0,0.0,8.0,21 to 35
133.0,26.0,Yes,Travel_Frequently,5.0,2.0,Medical,3.0,F,2.0,1.0,3.0,1.0,Yes,14.0,3.0,1.0,1.0,2.0,3.0,8.0,7.0,1.0,7.0,21 to 35
167.0,25.0,No,Travel_Rarely,2.0,1.0,Medical,1.0,M,4.0,1.0,1.0,7.0,No,13.0,3.0,3.0,0.0,3.0,2.0,4.0,3.0,0.0,1.0,21 to 35
135.0,35.0,No,Travel_Rarely,27.0,1.0,Medical,3.0,F,2.0,1.0,1.0,1.0,No,11.0,3.0,4.0,0.0,3.0,2.0,6.0,5.0,1.0,1.0,21 to 35
119.0,36.0,No,Travel_Rarely,1.0,2.0,Life Sciences,2.0,M,3.0,2.0,4.0,1.0,Yes,14.0,3.0,4.0,1.0,1.0,2.0,18.0,14.0,4.0,11.0,36 to 50
92.0,30.0,No,Travel_Frequently,5.0,4.0,Life Sciences,2.0,M,2.0,1.0,4.0,9.0,No,12.0,3.0,2.0,1.0,3.0,2.0,5.0,4.0,0.0,3.0,21 to 35
153.0,53.0,No,Travel_Rarely,7.0,2.0,Marketing,1.0,F,2.0,3.0,4.0,7.0,Yes,18.0,3.0,4.0,1.0,3.0,3.0,5.0,2.0,0.0,4.0,51 or more
83.0,44.0,No,Travel_Rarely,8.0,4.0,Life Sciences,1.0,M,4.0,1.0,4.0,2.0,Yes,24.0,4.0,3.0,1.0,2.0,2.0,3.0,2.0,0.0,2.0,36 to 50
23.0,35.0,No,Travel_Rarely,9.0,3.0,Life Sciences,4.0,F,2.0,3.0,3.0,1.0,Yes,20.0,4.0,2.0,1.0,2.0,3.0,17.0,14.0,5.0,15.0,21 to 35
139.0,35.0,Yes,Travel_Frequently,25.0,4.0,Life Sciences,4.0,F,3.0,1.0,2.0,1.0,Yes,19.0,3.0,1.0,1.0,3.0,2.0,10.0,2.0,7.0,8.0,21 to 35
8.0,32.0,No,Non-Travel,1.0,3.0,Life Sciences,4.0,M,3.0,1.0,4.0,0.0,No,12.0,3.0,2.0,1.0,2.0,3.0,3.0,0.0,0.0,2.0,21 to 35
185.0,25.0,No,Travel_Rarely,4.0,1.0,Marketing,3.0,M,2.0,2.0,1.0,1.0,No,12.0,3.0,1.0,0.0,1.0,4.0,5.0,2.0,0.0,3.0,21 to 35
206.0,49.0,No,Travel_Rarely,1.0,3.0,Technical Degree,3.0,F,3.0,1.0,1.0,2.0,No,16.0,3.0,2.0,1.0,2.0,3.0,4.0,2.0,0.0,2.0,36 to 50
157.0,32.0,No,Travel_Frequently,5.0,2.0,Life Sciences,2.0,M,3.0,2.0,2.0,1.0,No,14.0,3.0,4.0,1.0,3.0,3.0,10.0,8.0,5.0,3.0,21 to 35
277.0,42.0,No,Travel_Rarely,3.0,3.0,Life Sciences,3.0,F,4.0,2.0,4.0,2.0,Yes,13.0,3.0,2.0,1.0,1.0,2.0,5.0,3.0,1.0,3.0,36 to 50
171.0,29.0,Yes,Travel_Rarely,1.0,3.0,Medical,2.0,F,2.0,1.0,3.0,6.0,Yes,19.0,3.0,3.0,3.0,3.0,3.0,3.0,2.0,0.0,2.0,21 to 35
88.0,37.0,No,Travel_Frequently,21.0,2.0,Medical,3.0,F,3.0,1.0,4.0,5.0,No,15.0,3.0,2.0,1.0,3.0,3.0,5.0,4.0,0.0,0.0,36 to 50
194.0,47.0,No,Travel_Rarely,2.0,2.0,Marketing,3.0,F,3.0,2.0,4.0,0.0,Yes,22.0,4.0,1.0,1.0,2.0,3.0,7.0,6.0,7.0,7.0,36 to 50
65.0,33.0,No,Travel_Rarely,3.0,2.0,Human Resources,4.0,M,3.0,1.0,2.0,3.0,Yes,11.0,3.0,3.0,1.0,4.0,4.0,4.0,3.0,0.0,3.0,21 to 35
147.0,29.0,No,Travel_Rarely,7.0,1.0,Medical,1.0,F,2.0,1.0,4.0,6.0,No,14.0,3.0,3.0,3.0,5.0,3.0,4.0,3.0,0.0,3.0,21 to 35
30.0,21.0,Yes,Travel_Rarely,18.0,1.0,Other,4.0,F,3.0,1.0,4.0,1.0,No,19.0,3.0,1.0,0.0,3.0,2.0,1.0,0.0,0.0,0.0,21 to 35
2.0,36.0,No,Travel_Rarely,14.0,1.0,Life Sciences,3.0,M,3.0,2.0,4.0,0.0,Yes,17.0,3.0,1.0,1.0,2.0,2.0,16.0,8.0,4.0,11.0,36 to 50
169.0,41.0,Yes,Travel_Rarely,2.0,4.0,Life Sciences,2.0,F,1.0,1.0,4.0,4.0,Yes,13.0,3.0,3.0,1.0,1.0,2.0,7.0,7.0,1.0,0.0,36 to 50
267.0,31.0,No,Non-Travel,20.0,2.0,Marketing,4.0,F,3.0,2.0,3.0,1.0,No,13.0,3.0,4.0,1.0,2.0,2.0,9.0,8.0,0.0,0.0,21 to 35
180.0,38.0,No,Travel_Rarely,1.0,3.0,Technical Degree,4.0,F,3.0,3.0,1.0,1.0,No,13.0,3.0,2.0,1.0,3.0,3.0,15.0,12.0,5.0,11.0,36 to 50
245.0,40.0,No,Travel_Frequently,9.0,4.0,Medical,4.0,M,3.0,1.0,2.0,8.0,Yes,14.0,3.0,4.0,1.0,2.0,3.0,1.0,1.0,0.0,0.0,36 to 50
61.0,33.0,No,Travel_Rarely,1.0,3.0,Life Sciences,2.0,F,2.0,2.0,4.0,0.0,No,14.0,3.0,1.0,0.0,3.0,3.0,5.0,0.0,1.0,4.0,21 to 35
70.0,37.0,Yes,Travel_Rarely,1.0,4.0,Life Sciences,1.0,M,2.0,3.0,3.0,5.0,No,11.0,3.0,3.0,0.0,2.0,1.0,14.0,1.0,11.0,7.0,36 to 50
111.0,35.0,No,Travel_Rarely,18.0,3.0,Medical,3.0,F,3.0,2.0,3.0,1.0,No,16.0,3.0,2.0,0.0,3.0,3.0,5.0,2.0,1.0,0.0,21 to 35
132.0,38.0,No,Non-Travel,10.0,3.0,Technical Degree,3.0,F,3.0,2.0,4.0,1.0,Yes,13.0,3.0,2.0,0.0,1.0,3.0,5.0,3.0,1.0,3.0,36 to 50
217.0,33.0,No,Travel_Rarely,13.0,1.0,Life Sciences,2.0,F,3.0,1.0,4.0,3.0,No,18.0,3.0,1.0,0.0,4.0,3.0,3.0,2.0,0.0,2.0,21 to 35
118.0,45.0,No,Travel_Rarely,1.0,4.0,Medical,4.0,F,3.0,1.0,4.0,3.0,No,14.0,3.0,4.0,2.0,2.0,3.0,5.0,3.0,0.0,2.0,36 to 50
271.0,33.0,No,Travel_Frequently,1.0,4.0,Other,3.0,F,4.0,2.0,2.0,1.0,Yes,13.0,3.0,1.0,1.0,2.0,3.0,6.0,5.0,1.0,2.0,21 to 35
108.0,24.0,No,Travel_Rarely,17.0,1.0,Medical,4.0,F,2.0,2.0,3.0,1.0,No,15.0,3.0,2.0,2.0,6.0,3.0,4.0,2.0,3.0,2.0,21 to 35
56.0,35.0,Yes,Travel_Rarely,14.0,4.0,Other,3.0,M,2.0,1.0,2.0,1.0,Yes,24.0,4.0,4.0,1.0,2.0,1.0,4.0,2.0,0.0,2.0,21 to 35
234.0,31.0,No,Travel_Frequently,1.0,1.0,Life Sciences,3.0,F,3.0,2.0,1.0,1.0,No,12.0,3.0,3.0,1.0,1.0,3.0,4.0,3.0,0.0,3.0,21 to 35
239.0,35.0,No,Travel_Rarely,25.0,4.0,Medical,3.0,F,3.0,3.0,3.0,1.0,Yes,11.0,3.0,3.0,1.0,3.0,2.0,16.0,10.0,10.0,1.0,21 to 35
289.0,30.0,Yes,Travel_Frequently,5.0,3.0,Medical,2.0,F,3.0,1.0,2.0,0.0,No,17.0,3.0,1.0,0.0,3.0,3.0,3.0,2.0,1.0,2.0,21 to 35
107.0,39.0,No,Travel_Rarely,1.0,1.0,Life Sciences,4.0,F,2.0,4.0,4.0,1.0,No,16.0,3.0,3.0,1.0,3.0,3.0,21.0,6.0,11.0,8.0,36 to 50
275.0,35.0,No,Travel_Rarely,10.0,3.0,Other,2.0,M,3.0,1.0,4.0,1.0,No,20.0,4.0,1.0,1.0,4.0,2.0,3.0,2.0,1.0,2.0,21 to 35
7.0,36.0,Yes,Travel_Rarely,16.0,4.0,Life Sciences,3.0,F,4.0,1.0,1.0,1.0,No,16.0,3.0,3.0,0.0,1.0,3.0,17.0,13.0,15.0,14.0,36 to 50
228.0,28.0,No,Travel_Rarely,10.0,1.0,Medical,4.0,M,3.0,1.0,2.0,1.0,No,22.0,4.0,2.0,0.0,5.0,3.0,1.0,0.0,0.0,0.0,21 to 35
296.0,38.0,No,Travel_Frequently,3.0,4.0,Other,3.0,M,3.0,1.0,3.0,3.0,No,16.0,3.0,1.0,1.0,2.0,3.0,2.0,2.0,2.0,2.0,36 to 50
126.0,37.0,No,Travel_Rarely,3.0,3.0,Other,4.0,F,3.0,2.0,2.0,3.0,No,15.0,3.0,1.0,0.0,3.0,2.0,4.0,3.0,0.0,1.0,36 to 50
176.0,46.0,No,Travel_Rarely,1.0,4.0,Medical,4.0,M,3.0,5.0,4.0,9.0,No,17.0,3.0,4.0,2.0,0.0,3.0,2.0,2.0,2.0,2.0,36 to 50
247.0,46.0,No,Travel_Rarely,8.0,4.0,Life Sciences,4.0,F,2.0,2.0,1.0,8.0,Yes,23.0,4.0,1.0,3.0,2.0,3.0,16.0,13.0,1.0,7.0,36 to 50
283.0,40.0,No,Travel_Rarely,20.0,4.0,Technical Degree,1.0,M,3.0,3.0,4.0,4.0,No,20.0,4.0,4.0,1.0,6.0,3.0,11.0,10.0,11.0,1.0,36 to 50
156.0,55.0,No,Travel_Frequently,2.0,1.0,Life Sciences,4.0,M,3.0,3.0,2.0,3.0,No,18.0,3.0,2.0,1.0,4.0,3.0,3.0,2.0,1.0,2.0,51 or more
208.0,28.0,No,Travel_Rarely,10.0,3.0,Other,3.0,F,3.0,2.0,3.0,3.0,No,13.0,3.0,4.0,0.0,4.0,4.0,8.0,7.0,1.0,7.0,21 to 35
285.0,28.0,No,Travel_Rarely,15.0,2.0,Life Sciences,1.0,M,3.0,1.0,3.0,1.0,No,16.0,3.0,4.0,1.0,5.0,2.0,4.0,2.0,2.0,2.0,21 to 35
38.0,29.0,No,Travel_Rarely,28.0,4.0,Life Sciences,3.0,F,3.0,1.0,4.0,4.0,No,22.0,4.0,1.0,1.0,1.0,3.0,7.0,5.0,1.0,7.0,21 to 35
213.0,38.0,No,Travel_Rarely,2.0,2.0,Marketing,4.0,M,3.0,3.0,2.0,7.0,No,16.0,3.0,3.0,0.0,2.0,3.0,1.0,0.0,0.0,0.0,36 to 50
237.0,21.0,No,Travel_Rarely,1.0,1.0,Technical Degree,4.0,F,2.0,1.0,2.0,1.0,Yes,11.0,3.0,3.0,0.0,6.0,4.0,2.0,2.0,2.0,2.0,21 to 35
91.0,35.0,No,Travel_Frequently,11.0,2.0,Marketing,4.0,M,3.0,2.0,4.0,1.0,No,11.0,3.0,4.0,1.0,3.0,3.0,5.0,2.0,0.0,2.0,21 to 35
138.0,41.0,No,Travel_Rarely,12.0,4.0,Life Sciences,2.0,M,3.0,1.0,4.0,3.0,Yes,11.0,3.0,1.0,1.0,4.0,3.0,1.0,0.0,0.0,0.0,36 to 50
269.0,27.0,No,Travel_Rarely,6.0,3.0,Life Sciences,4.0,M,2.0,1.0,3.0,1.0,No,13.0,3.0,3.0,1.0,0.0,3.0,4.0,2.0,2.0,2.0,21 to 35
54.0,42.0,No,Travel_Rarely,4.0,4.0,Marketing,2.0,M,3.0,2.0,1.0,7.0,No,13.0,3.0,4.0,0.0,3.0,4.0,6.0,4.0,1.0,5.0,36 to 50
81.0,28.0,Yes,Travel_Rarely,12.0,1.0,Life Sciences,3.0,F,3.0,1.0,4.0,1.0,Yes,11.0,3.0,4.0,0.0,4.0,2.0,1.0,1.0,0.0,0.0,21 to 35
94.0,35.0,No,Travel_Rarely,2.0,3.0,Life Sciences,3.0,M,2.0,3.0,2.0,2.0,No,18.0,3.0,2.0,1.0,2.0,4.0,7.0,7.0,6.0,4.0,21 to 35
274.0,56.0,No,Travel_Rarely,4.0,4.0,Technical Degree,4.0,F,3.0,5.0,1.0,4.0,No,13.0,3.0,4.0,1.0,2.0,3.0,5.0,2.0,4.0,2.0,51 or more
11.0,45.0,No,Travel_Rarely,7.0,3.0,Medical,1.0,F,3.0,1.0,3.0,4.0,Yes,19.0,3.0,3.0,1.0,2.0,2.0,3.0,2.0,0.0,2.0,36 to 50
281.0,41.0,Yes,Non-Travel,5.0,2.0,Life Sciences,1.0,M,2.0,1.0,1.0,6.0,No,17.0,3.0,1.0,1.0,2.0,1.0,1.0,0.0,0.0,0.0,36 to 50
93.0,50.0,No,Travel_Frequently,2.0,3.0,Medical,4.0,F,3.0,4.0,1.0,2.0,No,22.0,4.0,3.0,1.0,3.0,3.0,2.0,2.0,2.0,2.0,36 to 50
268.0,36.0,No,Travel_Rarely,6.0,4.0,Life Sciences,3.0,M,1.0,1.0,3.0,1.0,No,14.0,3.0,3.0,1.0,4.0,3.0,7.0,7.0,1.0,7.0,36 to 50
225.0,32.0,No,Travel_Frequently,13.0,3.0,Other,3.0,F,2.0,1.0,2.0,1.0,No,20.0,4.0,3.0,1.0,2.0,3.0,2.0,2.0,2.0,2.0,21 to 35
131.0,32.0,No,Travel_Frequently,2.0,2.0,Life Sciences,4.0,F,3.0,2.0,3.0,4.0,Yes,14.0,3.0,4.0,0.0,2.0,3.0,8.0,7.0,0.0,7.0,21 to 35
178.0,44.0,No,Travel_Rarely,2.0,1.0,Life Sciences,1.0,F,4.0,1.0,4.0,1.0,No,13.0,3.0,4.0,1.0,5.0,3.0,10.0,5.0,7.0,7.0,36 to 50
69.0,29.0,No,Travel_Rarely,1.0,3.0,Life Sciences,1.0,F,3.0,1.0,4.0,1.0,No,15.0,3.0,1.0,3.0,5.0,3.0,3.0,2.0,1.0,2.0,21 to 35
68.0,49.0,No,Travel_Rarely,4.0,2.0,Medical,1.0,M,2.0,5.0,3.0,2.0,No,13.0,3.0,3.0,1.0,2.0,4.0,1.0,0.0,0.0,0.0,36 to 50
13.0,27.0,No,Travel_Rarely,4.0,2.0,Life Sciences,1.0,M,3.0,1.0,3.0,1.0,No,11.0,3.0,2.0,3.0,2.0,3.0,5.0,3.0,0.0,3.0,21 to 35
102.0,29.0,No,Travel_Rarely,1.0,3.0,Life Sciences,4.0,F,2.0,4.0,4.0,3.0,No,14.0,3.0,2.0,2.0,2.0,2.0,7.0,7.0,1.0,7.0,21 to 35
49.0,33.0,No,Travel_Rarely,10.0,5.0,Marketing,4.0,M,4.0,3.0,3.0,0.0,Yes,14.0,3.0,4.0,2.0,3.0,3.0,9.0,8.0,0.0,8.0,21 to 35
28.0,55.0,No,Non-Travel,8.0,1.0,Medical,4.0,M,2.0,4.0,2.0,1.0,Yes,15.0,3.0,4.0,1.0,3.0,3.0,33.0,9.0,15.0,0.0,51 or more
22.0,46.0,No,Travel_Rarely,4.0,2.0,Marketing,4.0,F,2.0,5.0,2.0,2.0,No,14.0,3.0,3.0,1.0,2.0,3.0,11.0,4.0,0.0,8.0,36 to 50
47.0,34.0,No,Travel_Rarely,2.0,3.0,Marketing,3.0,F,3.0,2.0,1.0,0.0,Yes,12.0,3.0,4.0,0.0,3.0,3.0,3.0,2.0,0.0,2.0,21 to 35
294.0,34.0,No,Travel_Frequently,19.0,3.0,Medical,3.0,F,3.0,2.0,2.0,4.0,No,13.0,3.0,3.0,2.0,2.0,4.0,11.0,8.0,5.0,10.0,21 to 35
303.0,30.0,No,Travel_Rarely,6.0,3.0,Technical Degree,1.0,F,2.0,2.0,4.0,0.0,No,12.0,3.0,1.0,1.0,6.0,3.0,9.0,2.0,6.0,7.0,21 to 35
66.0,41.0,No,Non-Travel,10.0,2.0,Medical,3.0,M,1.0,2.0,2.0,1.0,No,13.0,3.0,1.0,0.0,4.0,3.0,19.0,2.0,11.0,9.0,36 to 50
75.0,31.0,Yes,Travel_Frequently,1.0,3.0,Life Sciences,4.0,F,3.0,1.0,2.0,1.0,Yes,11.0,3.0,1.0,0.0,2.0,4.0,3.0,2.0,2.0,2.0,21 to 35
84.0,34.0,No,Travel_Rarely,15.0,2.0,Medical,3.0,F,3.0,2.0,1.0,1.0,No,12.0,3.0,4.0,0.0,6.0,4.0,10.0,8.0,9.0,6.0,21 to 35
224.0,35.0,No,Travel_Rarely,1.0,3.0,Medical,4.0,F,2.0,2.0,4.0,0.0,No,12.0,3.0,2.0,1.0,0.0,3.0,9.0,7.0,0.0,0.0,21 to 35
223.0,25.0,No,Travel_Rarely,18.0,1.0,Life Sciences,1.0,M,4.0,2.0,3.0,2.0,No,11.0,3.0,2.0,0.0,3.0,2.0,3.0,2.0,1.0,2.0,21 to 35
168.0,27.0,No,Travel_Rarely,10.0,3.0,Marketing,4.0,F,2.0,2.0,4.0,1.0,Yes,11.0,3.0,4.0,0.0,3.0,3.0,6.0,2.0,4.0,4.0,21 to 35
290.0,26.0,No,Travel_Rarely,2.0,1.0,Medical,1.0,M,2.0,1.0,4.0,0.0,No,12.0,3.0,4.0,0.0,2.0,3.0,4.0,3.0,1.0,1.0,21 to 35
212.0,37.0,No,Travel_Rarely,11.0,3.0,Medical,1.0,F,3.0,1.0,3.0,4.0,No,18.0,3.0,1.0,0.0,6.0,3.0,3.0,2.0,0.0,2.0,36 to 50
304.0,54.0,No,Travel_Rarely,1.0,3.0,Medical,4.0,F,3.0,4.0,4.0,6.0,No,19.0,3.0,4.0,0.0,3.0,2.0,20.0,7.0,12.0,7.0,51 or more
97.0,37.0,No,Non-Travel,5.0,2.0,Technical Degree,3.0,M,4.0,1.0,3.0,0.0,No,14.0,3.0,1.0,0.0,2.0,1.0,6.0,5.0,1.0,3.0,36 to 50
221.0,24.0,No,Travel_Rarely,4.0,1.0,Medical,4.0,F,3.0,2.0,3.0,1.0,Yes,12.0,3.0,3.0,2.0,3.0,3.0,5.0,4.0,0.0,3.0,21 to 35
99.0,41.0,No,Travel_Rarely,5.0,5.0,Medical,2.0,M,4.0,1.0,3.0,2.0,Yes,12.0,3.0,1.0,0.0,5.0,2.0,4.0,2.0,0.0,3.0,36 to 50
233.0,39.0,Yes,Non-Travel,2.0,3.0,Life Sciences,1.0,F,2.0,1.0,1.0,2.0,Yes,23.0,4.0,2.0,0.0,2.0,4.0,1.0,0.0,0.0,0.0,36 to 50
64.0,45.0,No,Travel_Rarely,20.0,3.0,Medical,2.0,M,1.0,3.0,1.0,2.0,Yes,18.0,3.0,2.0,1.0,2.0,3.0,7.0,7.0,0.0,7.0,36 to 50
235.0,45.0,No,Travel_Rarely,29.0,3.0,Technical Degree,2.0,M,3.0,3.0,4.0,4.0,Yes,18.0,3.0,4.0,2.0,4.0,4.0,3.0,1.0,1.0,2.0,36 to 50
46.0,53.0,No,Travel_Rarely,2.0,3.0,Medical,4.0,M,4.0,4.0,2.0,4.0,No,12.0,3.0,2.0,0.0,2.0,2.0,9.0,8.0,8.0,8.0,51 or more
150.0,49.0,No,Travel_Rarely,5.0,4.0,Technical Degree,1.0,M,3.0,2.0,3.0,2.0,No,14.0,3.0,2.0,1.0,0.0,2.0,3.0,2.0,1.0,2.0,36 to 50
231.0,44.0,No,Travel_Rarely,20.0,3.0,Life Sciences,4.0,M,3.0,1.0,2.0,1.0,No,13.0,3.0,3.0,0.0,3.0,2.0,5.0,2.0,1.0,3.0,36 to 50
98.0,42.0,No,Travel_Frequently,9.0,2.0,Medical,1.0,F,3.0,1.0,4.0,1.0,No,13.0,3.0,3.0,0.0,3.0,3.0,12.0,9.0,5.0,8.0,36 to 50
10.0,34.0,No,Travel_Frequently,15.0,3.0,Medical,2.0,M,3.0,4.0,1.0,7.0,No,14.0,3.0,4.0,2.0,3.0,2.0,14.0,8.0,6.0,9.0,21 to 35
24.0,33.0,No,Travel_Rarely,4.0,4.0,Medical,1.0,F,2.0,1.0,2.0,8.0,No,11.0,3.0,4.0,0.0,5.0,3.0,5.0,4.0,0.0,2.0,21 to 35
243.0,28.0,Yes,Travel_Frequently,2.0,2.0,Medical,3.0,M,2.0,1.0,1.0,7.0,No,11.0,3.0,3.0,0.0,2.0,2.0,0.0,0.0,0.0,0.0,21 to 35
293.0,28.0,No,Travel_Rarely,29.0,1.0,Life Sciences,3.0,M,1.0,2.0,2.0,1.0,No,14.0,3.0,2.0,2.0,2.0,2.0,8.0,6.0,1.0,7.0,21 to 35
45.0,32.0,No,Travel_Rarely,10.0,3.0,Medical,3.0,M,3.0,3.0,4.0,2.0,No,25.0,4.0,2.0,0.0,5.0,4.0,5.0,2.0,0.0,0.0,21 to 35
192.0,54.0,No,Travel_Frequently,11.0,4.0,Medical,2.0,F,3.0,4.0,4.0,3.0,No,20.0,4.0,1.0,1.0,2.0,3.0,14.0,9.0,1.0,12.0,51 or more
203.0,31.0,Yes,Travel_Frequently,3.0,3.0,Life Sciences,4.0,F,3.0,1.0,3.0,1.0,No,12.0,3.0,1.0,0.0,2.0,1.0,7.0,2.0,7.0,7.0,21 to 35
193.0,42.0,No,Travel_Rarely,2.0,3.0,Medical,3.0,M,2.0,1.0,2.0,4.0,No,14.0,3.0,2.0,1.0,3.0,3.0,1.0,0.0,0.0,0.0,36 to 50
207.0,35.0,Yes,Travel_Rarely,2.0,3.0,Life Sciences,1.0,F,3.0,1.0,1.0,1.0,Yes,12.0,3.0,4.0,1.0,2.0,3.0,1.0,0.0,0.0,0.0,21 to 35
244.0,38.0,Yes,Travel_Rarely,2.0,3.0,Medical,3.0,M,3.0,2.0,2.0,4.0,No,11.0,3.0,1.0,2.0,2.0,3.0,5.0,2.0,1.0,4.0,36 to 50
204.0,26.0,No,Travel_Rarely,3.0,3.0,Life Sciences,1.0,F,3.0,1.0,4.0,1.0,No,21.0,4.0,1.0,0.0,5.0,3.0,1.0,0.0,0.0,0.0,21 to 35
151.0,36.0,No,Travel_Rarely,1.0,4.0,Life Sciences,2.0,F,3.0,2.0,3.0,6.0,No,13.0,3.0,1.0,0.0,5.0,3.0,1.0,0.0,0.0,0.0,36 to 50
188.0,23.0,No,Travel_Rarely,10.0,3.0,Technical Degree,4.0,M,4.0,1.0,3.0,2.0,No,16.0,3.0,4.0,1.0,2.0,3.0,2.0,2.0,2.0,2.0,21 to 35
261.0,40.0,No,Travel_Rarely,14.0,2.0,Life Sciences,4.0,F,3.0,2.0,1.0,1.0,No,15.0,3.0,3.0,1.0,2.0,3.0,5.0,4.0,1.0,2.0,36 to 50
306.0,22.0,No,Non-Travel,26.0,2.0,Other,2.0,F,2.0,1.0,3.0,1.0,Yes,14.0,3.0,2.0,0.0,2.0,2.0,4.0,2.0,1.0,3.0,21 to 35
27.0,32.0,No,Travel_Rarely,5.0,4.0,Other,2.0,F,4.0,1.0,4.0,3.0,No,17.0,3.0,4.0,2.0,3.0,3.0,3.0,2.0,0.0,2.0,21 to 35
44.0,36.0,No,Travel_Rarely,12.0,4.0,Life Sciences,3.0,F,3.0,2.0,3.0,9.0,Yes,12.0,3.0,2.0,2.0,2.0,3.0,3.0,2.0,1.0,1.0,36 to 50
241.0,49.0,No,Travel_Rarely,25.0,4.0,Life Sciences,3.0,F,3.0,1.0,1.0,1.0,No,14.0,3.0,4.0,1.0,3.0,2.0,9.0,6.0,1.0,4.0,36 to 50
260.0,28.0,No,Travel_Rarely,27.0,3.0,Medical,2.0,F,1.0,2.0,1.0,0.0,No,21.0,4.0,2.0,1.0,5.0,2.0,5.0,3.0,0.0,0.0,21 to 35
57.0,47.0,No,Travel_Rarely,26.0,4.0,Life Sciences,4.0,F,3.0,5.0,3.0,3.0,No,11.0,3.0,3.0,1.0,2.0,3.0,5.0,2.0,1.0,0.0,36 to 50
242.0,39.0,No,Travel_Frequently,4.0,3.0,Medical,1.0,F,3.0,2.0,3.0,0.0,No,13.0,3.0,4.0,0.0,2.0,1.0,9.0,2.0,3.0,8.0,36 to 50
310.0,37.0,No,Travel_Rarely,10.0,3.0,Medical,2.0,F,3.0,1.0,2.0,1.0,No,11.0,3.0,1.0,1.0,2.0,1.0,8.0,4.0,7.0,7.0,36 to 50
48.0,24.0,No,Travel_Frequently,2.0,1.0,Technical Degree,1.0,F,3.0,1.0,4.0,1.0,Yes,13.0,3.0,3.0,0.0,2.0,3.0,6.0,3.0,1.0,3.0,21 to 35
254.0,27.0,No,Travel_Rarely,8.0,3.0,Medical,2.0,F,4.0,1.0,3.0,7.0,No,17.0,3.0,1.0,0.0,0.0,3.0,3.0,2.0,0.0,2.0,21 to 35
154.0,40.0,Yes,Travel_Rarely,7.0,3.0,Life Sciences,1.0,M,3.0,1.0,1.0,3.0,Yes,14.0,3.0,2.0,0.0,3.0,1.0,4.0,2.0,0.0,3.0,36 to 50
298.0,36.0,No,Travel_Rarely,5.0,4.0,Life Sciences,2.0,F,3.0,3.0,1.0,4.0,No,12.0,3.0,3.0,2.0,6.0,3.0,3.0,2.0,0.0,2.0,36 to 50
253.0,50.0,No,Travel_Rarely,17.0,5.0,Life Sciences,4.0,F,2.0,3.0,1.0,5.0,No,15.0,3.0,3.0,3.0,3.0,3.0,14.0,11.0,1.0,11.0,36 to 50
181.0,34.0,No,Travel_Rarely,3.0,3.0,Life Sciences,4.0,F,3.0,2.0,2.0,1.0,No,12.0,3.0,3.0,1.0,2.0,3.0,11.0,8.0,7.0,9.0,21 to 35
278.0,31.0,No,Travel_Rarely,5.0,4.0,Life Sciences,1.0,F,3.0,2.0,4.0,1.0,No,11.0,3.0,1.0,2.0,2.0,3.0,10.0,0.0,0.0,2.0,21 to 35
282.0,38.0,No,Travel_Frequently,2.0,3.0,Medical,4.0,F,2.0,1.0,2.0,1.0,No,22.0,4.0,2.0,0.0,3.0,3.0,4.0,3.0,3.0,3.0,36 to 50
179.0,33.0,No,Non-Travel,16.0,3.0,Life Sciences,3.0,F,3.0,2.0,4.0,1.0,Yes,25.0,4.0,3.0,1.0,2.0,3.0,6.0,5.0,1.0,2.0,21 to 35
240.0,38.0,No,Travel_Rarely,4.0,2.0,Medical,4.0,F,3.0,1.0,3.0,7.0,No,19.0,3.0,4.0,1.0,5.0,2.0,0.0,0.0,0.0,0.0,36 to 50
262.0,48.0,Yes,Travel_Frequently,7.0,2.0,Medical,4.0,F,3.0,1.0,3.0,2.0,Yes,11.0,3.0,3.0,2.0,3.0,3.0,9.0,7.0,7.0,7.0,36 to 50
259.0,32.0,Yes,Travel_Rarely,2.0,4.0,Life Sciences,4.0,M,3.0,1.0,2.0,1.0,No,12.0,3.0,1.0,0.0,2.0,3.0,1.0,0.0,0.0,0.0,21 to 35
96.0,43.0,No,Travel_Rarely,2.0,3.0,Medical,4.0,M,3.0,2.0,4.0,1.0,Yes,17.0,3.0,1.0,1.0,3.0,3.0,10.0,9.0,8.0,8.0,36 to 50
222.0,24.0,No,Travel_Rarely,9.0,3.0,Medical,3.0,M,4.0,1.0,3.0,1.0,No,16.0,3.0,4.0,1.0,1.0,3.0,5.0,3.0,0.0,4.0,21 to 35
4.0,29.0,No,Travel_Rarely,9.0,4.0,Medical,4.0,F,3.0,1.0,3.0,9.0,No,17.0,3.0,3.0,1.0,2.0,3.0,5.0,3.0,1.0,2.0,21 to 35
300.0,40.0,No,Travel_Rarely,8.0,2.0,Life Sciences,2.0,F,3.0,2.0,1.0,2.0,Yes,16.0,3.0,2.0,1.0,3.0,3.0,1.0,0.0,0.0,0.0,36 to 50
121.0,32.0,Yes,Travel_Rarely,1.0,2.0,Life Sciences,1.0,M,1.0,2.0,2.0,6.0,No,15.0,3.0,2.0,0.0,2.0,3.0,0.0,0.0,0.0,0.0,21 to 35
53.0,40.0,No,Travel_Rarely,7.0,4.0,Medical,2.0,M,3.0,5.0,2.0,1.0,No,14.0,3.0,2.0,0.0,3.0,2.0,21.0,8.0,12.0,8.0,36 to 50
177.0,29.0,Yes,Travel_Rarely,9.0,3.0,Marketing,2.0,F,1.0,1.0,2.0,1.0,No,13.0,3.0,3.0,0.0,3.0,3.0,2.0,2.0,2.0,2.0,21 to 35
42.0,33.0,No,Non-Travel,2.0,3.0,Marketing,4.0,F,3.0,2.0,2.0,8.0,No,15.0,3.0,4.0,0.0,2.0,2.0,11.0,7.0,1.0,7.0,21 to 35
220.0,38.0,No,Travel_Frequently,2.0,2.0,Medical,3.0,F,2.0,1.0,2.0,4.0,No,14.0,3.0,2.0,1.0,4.0,2.0,6.0,1.0,0.0,5.0,36 to 50
52.0,43.0,Yes,Travel_Frequently,17.0,3.0,Technical Degree,3.0,M,2.0,1.0,3.0,9.0,Yes,16.0,3.0,4.0,1.0,4.0,3.0,1.0,0.0,0.0,0.0,36 to 50
110.0,28.0,No,Travel_Rarely,1.0,3.0,Life Sciences,3.0,M,3.0,1.0,4.0,1.0,No,11.0,3.0,3.0,1.0,6.0,4.0,5.0,3.0,0.0,3.0,21 to 35
263.0,35.0,No,Non-Travel,2.0,2.0,Medical,2.0,M,3.0,2.0,4.0,2.0,No,14.0,3.0,3.0,1.0,6.0,3.0,7.0,7.0,1.0,7.0,21 to 35
127.0,34.0,Yes,Travel_Frequently,9.0,4.0,Life Sciences,4.0,M,3.0,2.0,1.0,4.0,No,17.0,3.0,3.0,1.0,3.0,2.0,7.0,1.0,0.0,7.0,21 to 35
12.0,39.0,No,Travel_Frequently,20.0,3.0,Life Sciences,3.0,M,3.0,2.0,4.0,2.0,No,18.0,3.0,4.0,1.0,6.0,3.0,2.0,1.0,2.0,2.0,36 to 50
125.0,30.0,No,Travel_Rarely,10.0,3.0,Medical,1.0,F,3.0,3.0,3.0,9.0,No,14.0,3.0,2.0,0.0,3.0,3.0,7.0,7.0,0.0,2.0,21 to 35
71.0,34.0,No,Travel_Rarely,8.0,2.0,Technical Degree,2.0,M,4.0,2.0,3.0,1.0,No,21.0,4.0,3.0,2.0,5.0,3.0,10.0,8.0,4.0,8.0,21 to 35
301.0,35.0,No,Travel_Rarely,23.0,4.0,Medical,2.0,M,1.0,1.0,3.0,0.0,No,16.0,3.0,2.0,1.0,2.0,4.0,5.0,4.0,0.0,3.0,21 to 35
40.0,27.0,No,Travel_Frequently,5.0,2.0,Life Sciences,4.0,F,3.0,1.0,4.0,0.0,Yes,14.0,3.0,3.0,0.0,3.0,2.0,5.0,4.0,0.0,2.0,21 to 35
270.0,29.0,No,Travel_Rarely,29.0,1.0,Life Sciences,4.0,M,1.0,2.0,3.0,8.0,No,17.0,3.0,4.0,2.0,3.0,3.0,7.0,0.0,1.0,6.0,21 to 35
41.0,46.0,No,Travel_Rarely,3.0,3.0,Technical Degree,1.0,F,4.0,4.0,1.0,2.0,No,12.0,3.0,4.0,1.0,5.0,3.0,19.0,17.0,2.0,8.0,36 to 50
205.0,27.0,No,Travel_Rarely,23.0,1.0,Medical,2.0,F,2.0,2.0,3.0,1.0,No,21.0,4.0,4.0,1.0,5.0,3.0,9.0,8.0,5.0,8.0,21 to 35
80.0,43.0,No,Travel_Rarely,6.0,3.0,Medical,1.0,F,2.0,5.0,3.0,7.0,No,13.0,3.0,4.0,0.0,2.0,3.0,16.0,12.0,6.0,14.0,36 to 50
302.0,48.0,No,Travel_Rarely,10.0,3.0,Life Sciences,4.0,M,2.0,5.0,2.0,4.0,No,12.0,3.0,4.0,0.0,3.0,3.0,22.0,10.0,12.0,9.0,36 to 50
59.0,27.0,No,Travel_Frequently,15.0,3.0,Life Sciences,4.0,F,2.0,1.0,1.0,0.0,No,19.0,3.0,4.0,1.0,2.0,2.0,7.0,6.0,7.0,3.0,21 to 35
288.0,55.0,No,Travel_Rarely,2.0,4.0,Technical Degree,2.0,M,2.0,1.0,4.0,8.0,No,20.0,4.0,2.0,1.0,2.0,4.0,5.0,2.0,0.0,4.0,51 or more
95.0,28.0,No,Travel_Rarely,3.0,3.0,Medical,2.0,F,3.0,1.0,2.0,1.0,No,19.0,3.0,4.0,1.0,3.0,3.0,1.0,0.0,0.0,0.0,21 to 35
72.0,22.0,Yes,Travel_Rarely,7.0,1.0,Life Sciences,4.0,M,3.0,1.0,2.0,1.0,Yes,23.0,4.0,1.0,0.0,2.0,3.0,1.0,0.0,0.0,0.0,21 to 35
109.0,36.0,No,Travel_Rarely,10.0,4.0,Technical Degree,2.0,F,2.0,2.0,3.0,1.0,Yes,13.0,3.0,1.0,1.0,4.0,3.0,10.0,9.0,1.0,7.0,36 to 50
149.0,37.0,No,Travel_Rarely,7.0,4.0,Medical,4.0,M,3.0,2.0,1.0,5.0,Yes,22.0,4.0,3.0,1.0,2.0,3.0,5.0,3.0,0.0,4.0,36 to 50
20.0,36.0,No,Travel_Frequently,2.0,1.0,Human Resources,2.0,M,2.0,2.0,4.0,1.0,No,21.0,4.0,4.0,0.0,2.0,2.0,10.0,1.0,0.0,8.0,36 to 50
117.0,27.0,No,Travel_Rarely,2.0,2.0,Medical,1.0,F,4.0,2.0,3.0,0.0,No,14.0,3.0,2.0,0.0,5.0,2.0,8.0,7.0,0.0,7.0,21 to 35
62.0,34.0,No,Travel_Rarely,3.0,1.0,Medical,4.0,F,2.0,2.0,4.0,3.0,Yes,12.0,3.0,3.0,0.0,3.0,2.0,4.0,2.0,0.0,1.0,21 to 35
307.0,33.0,No,Travel_Rarely,10.0,4.0,Marketing,2.0,M,3.0,2.0,3.0,1.0,No,14.0,3.0,2.0,0.0,2.0,2.0,10.0,4.0,0.0,9.0,21 to 35
58.0,34.0,No,Travel_Frequently,22.0,4.0,Other,3.0,M,2.0,2.0,4.0,1.0,Yes,15.0,3.0,2.0,0.0,3.0,3.0,15.0,10.0,6.0,11.0,21 to 35
195.0,28.0,Yes,Travel_Rarely,13.0,2.0,Marketing,4.0,F,3.0,2.0,3.0,3.0,Yes,11.0,3.0,4.0,0.0,0.0,3.0,2.0,0.0,2.0,2.0,21 to 35
32.0,58.0,No,Travel_Rarely,21.0,3.0,Life Sciences,4.0,F,3.0,4.0,4.0,4.0,Yes,13.0,3.0,3.0,1.0,2.0,2.0,1.0,0.0,0.0,0.0,51 or more
134.0,32.0,Yes,Travel_Frequently,5.0,2.0,Life Sciences,1.0,F,4.0,1.0,3.0,3.0,Yes,14.0,3.0,1.0,0.0,2.0,3.0,4.0,1.0,0.0,3.0,21 to 35
37.0,34.0,No,Travel_Rarely,13.0,4.0,Medical,4.0,M,3.0,3.0,3.0,1.0,No,18.0,3.0,3.0,1.0,2.0,2.0,8.0,7.0,1.0,1.0,21 to 35
89.0,32.0,No,Non-Travel,15.0,4.0,Medical,3.0,F,3.0,2.0,4.0,5.0,No,18.0,3.0,2.0,1.0,6.0,3.0,5.0,1.0,1.0,2.0,21 to 35
232.0,27.0,No,Travel_Rarely,9.0,3.0,Marketing,4.0,M,3.0,2.0,4.0,1.0,No,14.0,3.0,1.0,0.0,5.0,3.0,7.0,7.0,0.0,7.0,21 to 35
16.0,33.0,No,Travel_Frequently,7.0,2.0,Life Sciences,4.0,M,3.0,2.0,3.0,1.0,No,20.0,4.0,3.0,3.0,2.0,3.0,9.0,7.0,2.0,8.0,21 to 35
251.0,31.0,No,Travel_Rarely,2.0,1.0,Medical,4.0,F,1.0,1.0,4.0,1.0,Yes,11.0,3.0,3.0,3.0,4.0,3.0,1.0,0.0,0.0,0.0,21 to 35
130.0,31.0,No,Non-Travel,10.0,3.0,Medical,3.0,F,3.0,3.0,3.0,4.0,No,20.0,4.0,3.0,1.0,2.0,4.0,11.0,7.0,4.0,8.0,21 to 35
67.0,40.0,No,Travel_Rarely,2.0,2.0,Marketing,2.0,F,3.0,2.0,2.0,3.0,No,14.0,3.0,3.0,1.0,4.0,3.0,11.0,8.0,5.0,10.0,36 to 50
190.0,30.0,No,Travel_Rarely,1.0,2.0,Medical,4.0,M,3.0,1.0,2.0,1.0,No,13.0,3.0,3.0,0.0,6.0,2.0,12.0,8.0,1.0,7.0,21 to 35
144.0,42.0,No,Travel_Rarely,18.0,4.0,Life Sciences,4.0,M,3.0,2.0,1.0,6.0,Yes,17.0,3.0,3.0,1.0,3.0,2.0,4.0,3.0,1.0,2.0,36 to 50
186.0,47.0,No,Non-Travel,1.0,1.0,Medical,3.0,F,3.0,3.0,2.0,0.0,No,18.0,3.0,1.0,2.0,3.0,1.0,13.0,8.0,5.0,12.0,36 to 50
90.0,37.0,No,Travel_Rarely,10.0,3.0,Life Sciences,3.0,F,4.0,3.0,4.0,1.0,Yes,25.0,4.0,1.0,1.0,2.0,3.0,16.0,11.0,6.0,8.0,36 to 50
162.0,29.0,Yes,Travel_Rarely,1.0,4.0,Medical,1.0,M,3.0,1.0,4.0,9.0,Yes,14.0,3.0,2.0,3.0,3.0,4.0,2.0,2.0,2.0,2.0,21 to 35
29.0,34.0,No,Travel_Rarely,28.0,3.0,Marketing,4.0,F,2.0,2.0,3.0,1.0,No,21.0,4.0,4.0,2.0,2.0,3.0,8.0,7.0,1.0,7.0,21 to 35
246.0,35.0,No,Travel_Rarely,26.0,4.0,Life Sciences,3.0,F,3.0,3.0,4.0,1.0,Yes,16.0,3.0,3.0,0.0,2.0,3.0,9.0,0.0,1.0,7.0,21 to 35
74.0,45.0,No,Travel_Rarely,20.0,3.0,Life Sciences,4.0,F,3.0,2.0,3.0,8.0,No,15.0,3.0,3.0,0.0,3.0,3.0,5.0,3.0,0.0,1.0,36 to 50
249.0,35.0,No,Travel_Frequently,18.0,4.0,Life Sciences,3.0,M,3.0,2.0,3.0,1.0,Yes,14.0,3.0,4.0,2.0,2.0,4.0,10.0,2.0,0.0,2.0,21 to 35
286.0,29.0,No,Travel_Rarely,13.0,2.0,Other,4.0,M,2.0,2.0,2.0,4.0,Yes,13.0,3.0,1.0,1.0,2.0,3.0,4.0,3.0,0.0,3.0,21 to 35
158.0,49.0,No,Travel_Frequently,2.0,3.0,Medical,4.0,M,2.0,2.0,2.0,2.0,No,14.0,3.0,4.0,0.0,3.0,2.0,9.0,6.0,0.0,8.0,36 to 50
